"CallerScript","TestName","Result","ExecutedAt","Status","Skipped","Duration"
"fn_CreateSequentialFilesCheck.tests.ps1","Test Case 1 - Call fn and create files then check return","Passed","2/23/2025 3:13:30 PM","True","False","00:00:00.1621788"
"fn_CreateSequentialFilesCheck.tests.ps1","Test Case 2 - Validate incorrect file count should error","Passed","2/23/2025 3:13:30 PM","True","False","00:00:00.0242571"
"fn_CreateSequentialFilesCheck.tests.ps1","Test Case 3 - Validate correct file count should succeed","Passed","2/23/2025 3:13:30 PM","True","False","00:00:00.0122657"
"fn_CreateSequentialFilesCheck.tests.ps1","Test Case 4 - Test invalid file count passed","Passed","2/23/2025 3:13:30 PM","True","False","00:00:00.0076266"
"fn_CreateSequentialFilesCheck.tests.ps1","Test Case 1 - Call fn and create files then check return","Passed","2/23/2025 3:26:57 PM","True","False","00:03:11.0818942"
"fn_CreateSequentialFilesCheck.tests.ps1","Test Case 2 - Validate incorrect file count should error","Passed","2/23/2025 3:30:09 PM","True","False","00:00:00.0193036"
"fn_CreateSequentialFilesCheck.tests.ps1","Test Case 3 - Validate correct file count should succeed","Passed","2/23/2025 3:30:09 PM","True","False","00:00:00.0299283"
"fn_CreateSequentialFilesCheck.tests.ps1","Test Case 4 - Test invalid file count passed","Passed","2/23/2025 3:30:09 PM","True","False","00:00:00.0180942"
"fn_CreateSequentialFilesCheck.tests.ps1","Test Case 1 - Call fn and create files then check return","Passed","2/23/2025 3:36:15 PM","True","False","00:00:05.0923782"
"fn_CreateSequentialFilesCheck.tests.ps1","Test Case 2 - Validate incorrect file count should error","Passed","2/23/2025 3:36:20 PM","True","False","00:00:00.0331118"
"fn_CreateSequentialFilesCheck.tests.ps1","Test Case 3 - Validate correct file count should succeed","Passed","2/23/2025 3:36:20 PM","True","False","00:00:00.0171566"
"fn_CreateSequentialFilesCheck.tests.ps1","Test Case 4 - Test invalid file count passed","Passed","2/23/2025 3:36:20 PM","True","False","00:00:00.0078995"
"fn_CreateSequentialFilesCheck.tests.ps1","Test Case 1 - Call fn and create files then check return","Passed","2/23/2025 3:36:48 PM","True","False","00:00:01.1397152"
"fn_CreateSequentialFilesCheck.tests.ps1","Test Case 2 - Validate incorrect file count should error","Passed","2/23/2025 3:36:49 PM","True","False","00:00:00.0150655"
"fn_CreateSequentialFilesCheck.tests.ps1","Test Case 3 - Validate correct file count should succeed","Passed","2/23/2025 3:36:49 PM","True","False","00:00:00.0090329"
"fn_CreateSequentialFilesCheck.tests.ps1","Test Case 4 - Test invalid file count passed","Passed","2/23/2025 3:36:49 PM","True","False","00:00:00.0056822"
"fn_CreateSequentialFilesCheck.tests.ps1","Test Case 1 - Call fn and create files then check return","Passed","2/23/2025 3:38:09 PM","True","False","00:00:00.1701474"
"fn_CreateSequentialFilesCheck.tests.ps1","Test Case 2 - Validate incorrect file count should error","Passed","2/23/2025 3:38:09 PM","True","False","00:00:00.0111560"
"fn_CreateSequentialFilesCheck.tests.ps1","Test Case 3 - Validate correct file count should succeed","Passed","2/23/2025 3:38:09 PM","True","False","00:00:00.0093522"
"fn_CreateSequentialFilesCheck.tests.ps1","Test Case 4 - Test invalid file count passed","Passed","2/23/2025 3:38:10 PM","True","False","00:00:00.0032049"
